{
  "trials": 30,
  "topology": "docker-compose bridge network (real containers, real HTTP)",
  "baseline_ms": [
    25.97079996485263,
    22.754000034183264,
    17.26220001000911,
    16.91519998712465,
    17.560700012836605,
    17.867799964733422,
    17.72599999094382,
    21.115500014275312,
    27.995599957648665,
    20.803799969144166,
    22.27449999190867,
    29.845100012607872,
    20.588999963365495,
    19.397999974898994,
    17.923500039614737,
    24.427800031844527,
    21.52639999985695,
    18.365100026130676,
    17.491500009782612,
    17.584200017154217,
    18.777500023134053,
    20.06700000492856,
    24.75019998382777,
    23.300500004552305,
    20.6387999933213,
    24.088700010906905,
    25.47340001910925,
    17.245399998500943,
    16.80429995758459,
    17.247100011445582
  ],
  "secure_ms": [
    232.24290000507608,
    230.17529997741804,
    246.41099997097626,
    237.85209999186918,
    234.77529996307567,
    229.32689997833222,
    246.7404999770224,
    243.822300049942,
    230.9302000212483,
    246.2344000232406,
    236.6158000077121,
    244.70969999674708,
    233.12109999824315,
    235.11539999162778,
    237.31060000136495,
    240.29240000527352,
    233.7046999600716,
    233.19569998420775,
    235.0575000164099,
    236.4054000354372,
    246.0314000491053,
    234.1518999892287,
    242.4726000172086,
    232.05629998119548,
    241.56230001244694,
    245.20200002007186,
    254.29750001057982,
    241.09150003641844,
    231.97219998110086,
    233.27269998844713
  ],
  "summary": {
    "baseline_mean": 20.79298666600759,
    "baseline_median": 20.327999984147027,
    "baseline_stdev": 3.59187670415651,
    "secure_mean": 238.20498666803664,
    "secure_median": 236.51060002157465,
    "secure_stdev": 6.292176324899193,
    "overhead_ms": 217.41200000202906,
    "overhead_pct": 1045.6025557764367
  }
}